Treatyid,Title,Signature_date,Date_entered_force,Sign_date,Entry_date,First_proposed_date,Proposal_date,Negotiation_length_days,How_many_states,Cold_war,First_proposer,Proposer_type,NGO_proposer,IGO_proposer,Single_state_prop,Joint_proposal,State_proposer,Majorpower_prop,Multiple_first_proposals,Duration_treaty_text,Duration_limit,Duration,Depth,Category,Non_security,Arms_limit,Rules_war,Terrorism,Commodity,Environmental,IGO_nonsecurity,NGO_nonsecurity,IGO_arms,IGO_war,IGO_terr,IGO_comm,IGO_environ,NGO_arms,NGO_war,NGO_terr,NGO_comm,NGO_environ
1,Convention for the Amelioration of the Condition of the Wounded in Armies in the Field (1865),22 Aug 1864,22 Jun 1865,-34829,-34525,8 Aug 1864,-34843,14,16,0,Geneva Committee of Five,NGO,1,0,0,0,0,0,0,none,0,,2,4,0,0,1,0,0,0,0,0,0,0,0,0,0,0,1,0,0,0
2,"Declaration Renouncing the Use, in time of War, of Certain Explosive Projectiles",11 Dec 1868,11 Dec 1868,-33257,-33257,9 Nov 1868,-33289,32,16,0,Russia,single state,0,0,1,0,1,1,0,none,0,,1,1,0,1,0,0,0,0,0,0,0,0,0,0,0,0,0,0,0,0
3,Convention I for the Pacific Settlement of International Disputes,29 Jul 1899,4 Sep 1900,-22070,-21668,18 May 1899,-22142,72,26,0,Russia,single state,0,0,1,0,1,1,0,none,0,,0,4,0,0,1,0,0,0,0,0,0,0,0,0,0,0,0,0,0,0
4,Convention II with Respect to the Laws and Customs of War on Land,29 Jul 1899,4 Sep 1900,-22070,-21668,18 May 1899,-22142,72,26,0,Russia,single state,0,0,1,0,1,1,0,none,0,,1,4,0,0,1,0,0,0,0,0,0,0,0,0,0,0,0,0,0,0
5,"Convention III for the Adaptation to Maritime Warfare of the Principles of the Geneva Convention of August 22, 1864",29 Jul 1899,4 Sep 1900,-22070,-21668,18 May 1899,-22142,72,26,0,Russia,single state,0,0,1,0,1,1,0,none,0,,1,4,0,0,1,0,0,0,0,0,0,0,0,0,0,0,0,0,0,0
6,Declaration I Concerning Launching of Projectiles and Explosives from Balloons,29 Jul 1899,4 Sep 1900,-22070,-21668,18 May 1899,-22142,72,26,0,Russia,single state,0,0,1,0,1,1,0,none,0,,1,1,0,1,0,0,0,0,0,0,0,0,0,0,0,0,0,0,0,0
7,Declaration II Concerning Asphyxiating Gases,29 Jul 1899,4 Sep 1900,-22070,-21668,18 May 1899,-22142,72,26,0,Russia,single state,0,0,1,0,1,1,0,none,0,,1,1,0,1,0,0,0,0,0,0,0,0,0,0,0,0,0,0,0,0
8,Declaration III Concerning Expanding Bullets,29 Jul 1899,4 Sep 1900,-22070,-21668,18 May 1899,-22142,72,26,0,Russia,single state,0,0,1,0,1,1,0,none,0,,1,1,0,1,0,0,0,0,0,0,0,0,0,0,0,0,0,0,0,0
9,Convention I for the Pacific Settlement of International Disputes,18 Oct 1907,26 Jan 1910,-19068,-18237,22 Jun 1907,-19186,118,44,0,Mexico,single state,0,0,1,0,1,0,0,none,0,,1,4,0,0,1,0,0,0,0,0,0,0,0,0,0,0,0,0,0,0
10,Convention II The Limitation of Employment of Force for Recovery of Contract Debts,18 Oct 1907,26 Jan 1910,-19068,-18237,22 Jun 1907,-19186,118,44,0,US,single state,0,0,1,0,1,1,0,none,0,,0,4,0,0,1,0,0,0,0,0,0,0,0,0,0,0,0,0,0,0
11,Convention III Relative to the Opening of Hostilities,18 Oct 1907,26 Jan 1910,-19068,-18237,22 Jun 1907,-19186,118,44,0,France,single state,0,0,1,0,1,1,0,none,0,,1,4,0,0,1,0,0,0,0,0,0,0,0,0,0,0,0,0,0,0
12,Convention IV Respecting the Laws and Customs of War on Land,18 Oct 1907,26 Jan 1910,-19068,-18237,22 Jun 1907,-19186,118,44,0,1899 Hague Conference Convention (recode type- dropping case does not affect results),IGO,0,1,0,0,0,0,0,none,0,,0,4,0,0,1,0,0,0,0,0,0,1,0,0,0,0,0,0,0,0
13,Convention V Respecting the Rights and Duties of Neutral Powers and Persons in Case of War on Land,18 Oct 1907,26 Jan 1910,-19068,-18237,22 Jun 1907,-19186,118,44,0,France/ Germany,multiple (both single states),0,0,1,0,1,1,1,none,0,,1,4,0,0,1,0,0,0,0,0,0,0,0,0,0,0,0,0,0,0
14,Convention VI Relating to the Status of Enemy Merchant Ships at the Outbreak of Hostilities,18 Oct 1907,26 Jan 1910,-19068,-18237,24 Jun 1907,-19184,116,44,0,Russia,single state,0,0,1,0,1,1,0,none,0,,1,4,0,0,1,0,0,0,0,0,0,0,0,0,0,0,0,0,0,0
15,Convention VII Relating to the Conversion of Merchant Ships into War-Ships,18 Oct 1907,26 Jan 1910,-19068,-18237,24 Jun 1907,-19184,116,44,0,"7 different proposals: Brazil, Japan, Great Britain, Austria, Germany, Italy and",multiple (all single states),0,0,1,0,1,1,1,none,0,,1,4,0,0,1,0,0,0,0,0,0,0,0,0,0,0,0,0,0,0
16,Convention VIII Relative to the Laying of Automatic Submarine Contact Mines,18 Oct 1907,26 Jan 1910,-19068,-18237,4 Jun 1907,-19204,136,44,0,Great Britain,single state,0,0,1,0,1,1,0,7,1,7,1,1,0,1,0,0,0,0,0,0,0,0,0,0,0,0,0,0,0,0
17,Convention IX Concerning Bombardment by Naval Forces in Time of War,18 Oct 1907,26 Jan 1910,-19068,-18237,4 Jun 1907,-19204,136,44,0,US,single state,0,0,1,0,1,1,0,none,0,,1,4,0,0,1,0,0,0,0,0,0,0,0,0,0,0,0,0,0,0
18,Convention X for the Adaptation to Maritime War of the Principles of the Geneva Convention,18 Oct 1907,26 Jan 1910,-19068,-18237,4 Jun 1907,-19204,136,44,0,Germany and France/ Netherlands - all based on the 1899 Hague Conference Convent,multiple (one single state; one joint state),0,0,1,1,1,1,1,none,0,,0,4,0,0,1,0,0,0,0,0,0,0,0,0,0,0,0,0,0,0
19,Convention XI Relative to Certain Restrictions with Regard to the Exercise of the Right of Capture in Naval War ,18 Oct 1907,26 Jan 1910,-19068,-18237,24 Jun 1907,-19184,116,44,0,US,single state,0,0,1,0,1,1,0,none,0,,1,4,0,0,1,0,0,0,0,0,0,0,0,0,0,0,0,0,0,0
20,Convention XII Relative to the Creation of an International Prize Court,18 Oct 1907,0,-19068,,22 Jun 1907,-19186,118,44,0,Germany/ Great Britain,multiple (both single states),0,0,1,0,1,1,1,12,1,12,1,4,0,0,1,0,0,0,0,0,0,0,0,0,0,0,0,0,0,0
21,Convention XIII Concerning the Rights and Duties of Neutral Powers in Naval War,18 Oct 1907,26 Jan 1910,-19068,-18237,24 Jun 1907,-19184,116,44,0,Britain/ Russia/ Germany/ Japan/ Spain,multiple (all single states),0,0,1,0,1,1,1,none,0,,1,4,0,0,1,0,0,0,0,0,0,0,0,0,0,0,0,0,0,0
22,Declaration Prohibiting the Discharge of Projectiles and Explosives from Balloons,18 Oct 1907,27 Nov 1909,-19068,-18297,7 Aug 1907,-19140,72,44,0,Belgium,single state,0,0,1,0,1,0,0,none,0,,1,1,0,1,0,0,0,0,0,0,0,0,0,0,0,0,0,0,0,0
23,Treaty Relating to the Use of Submarines and Noxious Gases in Warfare,6 Feb 1922,0,-13843,,12 Nov 1921,-13929,86,9,0,US,single state,0,0,1,0,1,1,0,none,0,,1,1,0,1,0,0,0,0,0,0,0,0,0,0,0,0,0,0,0,0
24,Washington Naval Limitations Treaty  (Five Power Naval Treaty),6 Feb 1922,17 Aug 1923,-13843,-13286,12 Nov 1921,-13929,86,9,0,US,single state,0,0,1,0,1,1,0,14,1,14,2,1,0,1,0,0,0,0,0,0,0,0,0,0,0,0,0,0,0,0
25,"Protocol for the Prohibition of the Use in War of Asphyxiating, Poisonous or Other Gases, and of Bacteriological Methods of Warfare",17 Jun 1925,8 Feb 1928,-12616,-11650,7 May 1925,-12657,41,44,0,United States,single state,0,0,1,0,1,1,0,none,0,,1,1,0,1,0,0,0,0,0,0,0,0,0,0,0,0,0,0,0,0
26,Treaty on the Protection of Artistic and Scientific Institutions and Historic Monuments (Roerich Pact),15 Aug 1935,26 Aug 1935,-8905,-8894,12 Sep 1931,-10338,1433,21,0,Georges Chklaver at the request of the Roarich Museum,NGO,1,0,0,0,0,0,0,none,0,,0,4,0,0,1,0,0,0,0,0,0,0,0,0,0,0,1,0,0,0
27,The Nyon Agreement,14 Sep 1937,14 Sep 1937,-8144,-8144,10 Sep 1937,-8148,4,29,0,Britian and France,joint,0,0,0,1,1,1,0,none,0,,2,1,0,1,0,0,0,0,0,0,0,0,0,0,0,0,0,0,0,0
28,"Agreement for the Prosecution and Punishment of the Major War Criminals of the European Axis, and Charter of the International Military Tribunal (The London Agreement)",8 Aug 1945,8 Aug 1945,-5259,-5259,30 Sep 1944,-5571,312,4,0,UN War Crimes Commission,IGO,0,1,0,0,0,0,0,none,0,,2,4,0,0,1,0,0,0,0,0,0,1,0,0,0,0,0,0,0,0
29,Convention on the Prevention and Punishment of the Crime of Genocide,9 Dec 1948,12 Jan 1951,-4040,-3276,1 May 1947,-4628,588,55,1,UN - Secretary General,IGO,0,1,0,0,0,0,0,none,0,,0,4,0,0,1,0,0,0,0,0,0,1,0,0,0,0,0,0,0,0
31,Geneva Convention I for the Amelioration of the Condition of the Wounded and Sick in Armed Forces in the Field,12 Aug 1949,21 Oct 1950,-3794,-3359,26 Apr 1947,-4633,839,63,1,ICRC,NGO,1,0,0,0,0,0,0,none,0,,1,4,0,0,1,0,0,0,0,0,0,0,0,0,0,0,1,0,0,0
32,"Geneva Convention II for the Amelioration of the Condition of Wounded, Sick and Shipwrecked Members of Armed Forces at Sea ",12 Aug 1949,21 Oct 1950,-3794,-3359,26 Apr 1947,-4633,839,63,1,ICRC,NGO,1,0,0,0,0,0,0,none,0,,1,4,0,0,1,0,0,0,0,0,0,0,0,0,0,0,1,0,0,0
33,Geneva Convention III Relative to the Treatment of Prisoners of War,12 Aug 1949,21 Oct 1950,-3794,-3359,26 Apr 1947,-4633,839,63,1,ICRC,NGO,1,0,0,0,0,0,0,none,0,,2,4,0,0,1,0,0,0,0,0,0,0,0,0,0,0,1,0,0,0
34,Geneva Convention IV Relative to the Protection of Civilian Persons in Time of War,12 Aug 1949,21 Oct 1950,-3794,-3359,26 Apr 1947,-4633,839,63,1,ICRC,NGO,1,0,0,0,0,0,0,none,0,,1,4,0,0,1,0,0,0,0,0,0,0,0,0,0,0,1,0,0,0
35,Convention and Protocol for the Protection of Cultural Property in the Event of Armed Conflict ,14 May 1954,7 Aug 1956,-2058,-1242,29 Nov 1952,-2589,531,56,1,UNESCO Drafting Committee/ Committee of Govt Experts,IGO,0,1,0,0,0,0,0,none,0,,0,4,0,0,1,0,0,0,0,0,0,1,0,0,0,0,0,0,0,0
36,The Antarctic Treaty,1 Dec 1959,23 Jun 1961,-31,539,9 Aug 1948,-4162,4131,12,1,US,single state,0,0,1,0,1,1,0,none,0,,1,1,0,1,0,0,0,0,0,0,0,0,0,0,0,0,0,0,0,0
37,"Treaty Banning Nuclear Weapon Tests in the Atmosphere, in Outer Space and  Under Water (The Limited Test Ban Treaty)",5 Aug 1963,10 Oct 1963,1312,1378,31 Oct 1958,-427,1739,18,1,USSR,single state,0,0,1,0,1,1,0,unlimited,0,,1,1,0,1,0,0,0,0,0,0,0,0,0,0,0,0,0,0,0,0
38,"Treaty on Principles Governing the Activities of States in the Exploration and Use of Outer Space, including the Moon and Other Celestial Bodies (The Outer Space Treaty)",27 Jan 1967,10 Oct 1967,2583,2839,16 Jun 1966,2358,225,90,1,2- US and USSR - separate drafts,multiple (both major power states),0,0,1,0,1,1,1,none,0,,1,1,0,1,0,0,0,0,0,0,0,0,0,0,0,0,0,0,0,0
39,Treaty for the Prohibition of Nuclear Weapons in Latin America (Treaty of Tlatelolco),14 Feb 1967,25 Apr 1969,2601,3402,27 Nov 1964,1792,809,11,1,Mexico/Brazil* (with 9 other Latin American countries at the Prep Comm for the Denuclearization of Lat Amer),joint,0,0,0,1,1,0,0,permanent (indefinite),0,,0,1,0,1,0,0,0,0,0,0,0,0,0,0,0,0,0,0,0,0
40,Treaty on the Non-Proliferation of Nuclear Weapons (Nuclear Non-proliferation Treaty),1 Jul 1968,5 Mar 1970,3104,3716,17 Aug 1965,2055,1049,124,1,US,single state,0,0,1,0,1,1,0,25,1,25,2,1,0,1,0,0,0,0,0,0,0,0,0,0,0,0,0,0,0,0
41,Treaty on the Prohibition of the Emplacement of Nuclear Weapons and other Weapons of Mass Destruction on the Seabed and the Ocean Floor and in the Subsoil Thereof  (SEABED Treaty),11 Feb 1971,18 May 1972,4059,4521,18 Mar 1969,3364,695,108,1,USSR,single state,0,0,1,0,1,1,0,none,0,,1,1,0,1,0,0,0,0,0,0,0,0,0,0,0,0,0,0,0,0
42,"Convention on the Prohibition of the Development, Production and Stockpiling of Bacteriological (Biological) and Toxin Weapons and on their Destruction  (The Biological Weapons Convention)",10 Apr 1972,26 Mar 1975,4483,5563,6 Aug 1968,3140,1343,25,1,UK,single state,0,0,1,0,1,1,0,unlimited,0,,2,1,0,1,0,0,0,0,0,0,0,0,0,0,0,0,0,0,0,0
43,Helsinki Final Act,1 Aug 1975,1 Aug 1975,5691,5691,3 Jul 1973,4932,759,35,1,USSR,single state,0,0,1,0,1,1,0,none,0,,1,1,0,1,0,0,0,0,0,0,0,0,0,0,0,0,0,0,0,0
44,Convention on the Prohibition of Military or any Other Hostile Use of Environmental Modification Techniques (ENMOD),10 Dec 1976,5 Oct 1978,6188,6852,21 Aug 1975,5711,477,126,1,USSR,single state,0,0,1,0,1,1,0,unlimited,0,,1,1,0,1,0,0,0,0,0,0,0,0,0,0,0,0,0,0,0,0
45,European Convention on the Suppression of Terrorism (Extradiction Act),27 Jan 1977,4 Aug 1978,6236,6790,6 Oct 1975,5757,479,27,1,European Committee on Crime Problems (ECCP) governmental expert committee,IGO,0,1,0,0,0,0,0,none,0,,1,5,0,0,0,1,0,0,0,0,0,0,1,0,0,0,0,0,0,0
46,"Protocol Additional to the Geneva Conventions of 12 August 1949, and relating to the protection of victims of international armed conflict Geneva Conventions Protocol I",8 Jun 1977,7 Dec 1978,6368,6915,20 Feb 1974,5164,1204,124,1,ICRC,NGO,1,0,0,0,0,0,0,none,0,,1,4,0,0,1,0,0,0,0,0,0,0,0,0,0,0,1,0,0,0
47,"Protocol Additional to the Geneva Conventions of 12 August 1949, and relating to the protection of victims of non-international armed conflict ",8 Jun 1977,7 Dec 1978,6368,6915,20 Feb 1974,5164,1204,124,1,ICRC,NGO,1,0,0,0,0,0,0,none,0,,1,4,0,0,1,0,0,0,0,0,0,0,0,0,0,0,1,0,0,0
48,Convention of the OAU for the Elimination of Mercenarism in Africa,3 Jul 1977,22 Apr 1985,6393,9243,31 Dec 1972,4748,1645,49,1,OAU Committee of Experts Charged with Drafting a Convention on Mercenaries,IGO,0,1,0,0,0,0,0,none,0,,1,4,0,0,1,0,0,0,0,0,0,1,0,0,0,0,0,0,0,0
49,Convention on Prohibitions or Restrictions on the Use of Certain Conventional Weapons which may be deemed to be excessively injurious or to have indiscriminate effects (Convention on Certain Conventional Weapons (CCCW)),10 Oct 1980,2 Dec 1983,7588,8736,20 Feb 1974,5164,2424,85,1,ICRC,NGO,1,0,0,0,0,0,0,none,0,,1,1,0,1,0,0,0,0,0,0,0,0,0,0,0,1,0,0,0,0
50,Convention on Certain Conventional Weapons Protocol I on Non-Detectable Fragment,10 Oct 1980,2 Dec 1983,7588,8736,20 Feb 1974,5164,2424,85,1,ICRC,NGO,1,0,0,0,0,0,0,none,0,,1,1,0,1,0,0,0,0,0,0,0,0,0,0,0,1,0,0,0,0
51,"Convention on Certain Conventional Weapons Protocol II on Prohibitions or Restrictions on the Use of Mines, Booby-Traps and Other Devices",10 Oct 1980,2 Dec 1983,7588,8736,20 Feb 1974,5164,2424,85,1,ICRC,NGO,1,0,0,0,0,0,0,none,0,,1,1,0,1,0,0,0,0,0,0,0,0,0,0,0,1,0,0,0,0
52,Convention on Certain Conventional Weapons Protocol III on Prohibitions on the Use of Incendiary Weapons,10 Oct 1980,2 Dec 1983,7588,8736,20 Feb 1974,5164,2424,85,1,ICRC,NGO,1,0,0,0,0,0,0,none,0,,1,1,0,1,0,0,0,0,0,0,0,0,0,0,0,1,0,0,0,0
53,Convention on Certain Conventional Weapons Protocol IV on Blinding Laser Weapons,13 Oct 1995,30 Jul 1998,13069,14090,16 May 1994,12554,515,44,0,Sweden,single state,0,0,1,0,1,0,0,none,0,,1,1,0,1,0,0,0,0,0,0,0,0,0,0,0,0,0,0,0,0
54,Convention on Certain Conventional Weapons Amended Protocol II,3 May 1996,3 Dec 1998,13272,14216,16 May 1994,12554,718,51,0,France,single state,0,0,1,0,1,1,0,none,0,,1,1,0,1,0,0,0,0,0,0,0,0,0,0,0,0,0,0,0,0
55,South Pacific Nuclear Free Zone Treaty (Treaty of Rarotonga),6 Aug 1985,11 Dec 1986,9349,9841,27 Aug 1984,9005,344,13,1,Australia,single state,0,0,1,0,1,0,0,permanent (indefinite),0,,0,1,0,1,0,0,0,0,0,0,0,0,0,0,0,0,0,0,0,0
56,"International Convention against the Recruitment, Use, Financing and Training of Mercenaries",4 Dec 1989,20 Oct 2001,10930,15268,31 Dec 1980,7670,3260,159,1,Nigeria,single state,0,0,1,0,1,0,0,none,0,,1,4,0,0,1,0,0,0,0,0,0,0,0,0,0,0,0,0,0,0
57,Treaty on Open Skies,24 Mar 1992,1 Jan 2002,11771,15341,15 Dec 1989,10941,830,23,1,NATO (US proposed negotiations; 16 NATO foreign ministers met to put together joint NATO position),joint,0,0,0,1,1,1,0,unlimited,0,,2,1,0,1,0,0,0,0,0,0,0,0,0,0,0,0,0,0,0,0
58,"Convention on the Prohibition of the Development, Production, Stockpiling and Use of Chemical Weapons and on their Destruction (Chemical Weapons Convention - CWC)",13 Jan 1993,29 Apr 1997,12066,13633,28 Mar 1972,4470,7596,38,1,"USSR w/ Bulgaria, Czechoslovakia, Hungary, Mongolia, Poland, Romania",joint,0,0,0,1,1,1,0,unlimited,0,,2,1,0,1,0,0,0,0,0,0,0,0,0,0,0,0,0,0,0,0
60,Treaty on the Southeast Asia Nuclear-Weapon-Free Zone (SEANWFZ) (Bangkok Treaty),15 Dec 1995,28 Mar 1997,13132,13601,9 Jul 1985,9321,3811,10,1,ASEAN Working Group on ZOPFAN,IGO,0,1,0,0,0,0,0,indefinitely,0,,0,1,0,1,0,0,0,0,0,0,1,0,0,0,0,0,0,0,0,0
61,The African Nuclear-Weapon -Free Zone Treaty (Treaty of Pelindaba),11 Apr 1996,15 Jul 2009,13250,18093,1 Mar 1994,12478,772,53,0,OAU and UN Joint Group of Experts,IGO,0,1,0,0,0,0,0,unlimited,0,,0,1,0,1,0,0,0,0,0,0,1,0,0,0,0,0,0,0,0,0
62,Comprehensive Nuclear Test Ban Treaty,10 Sep 1996,0,13402,,6 Dec 1993,12393,1009,166,0,Sweden,single state,0,0,1,0,1,0,0,unlimited,0,,2,1,0,1,0,0,0,0,0,0,0,0,0,0,0,0,0,0,0,0
63,"Convention on the Prohibition of the Use, Stockpiling, Production and Transfer of Anti-Personnel Mines and on their Destruction (Mine Ban Treaty)",18 Sep 1997,1 Mar 1999,13775,14304,1 Oct 1996,13423,352,154,0,Austria,single state,0,0,1,0,1,0,0,unlimited,0,,2,1,0,1,0,0,0,0,0,0,0,0,0,0,0,0,0,0,0,0
64,International Convention for the Suppression of Terrorist Bombings,15 Dec 1997,23 May 2001,13863,15118,1 Nov 1996,13454,409,170,0,France/G7 (France introduces draft on behalf of the G-7 and Russian Federation),joint,0,0,0,1,1,1,0,none,0,,1,5,0,0,0,1,0,0,0,0,0,0,0,0,0,0,0,0,0,0
65,Second Protocol to the Hague Convention for the Protection of Cultural Property in the Event of Armed Conflict,26 Mar 1999,9 Mar 2004,14329,16139,1 Feb 1994,12450,1879,93,0,"\The Lauswolt Document\"" (several experts); Netherlands""",mulitple (NGO and single state prop),1,0,1,0,1,0,1,none,0,,1,4,0,0,1,0,0,0,0,0,0,0,0,0,0,0,1,0,0,0
66,Treaty on Conventional Armed Forces in Europe (CFE Treaty),19 Nov 1990,9 Nov 1992,11280,12001,9 Mar 1989,10660,620,23,1,NATO/ Warsaw Pact,multiple (both joint state proposals),0,0,0,1,1,1,1,unlimited,0,,2,1,0,1,0,0,0,0,0,0,0,0,0,0,0,0,0,0,0,0
67,Concluding Act of the Negotiations on Personnel Strength of Conventional Armed Forces in Europe (CFE 1A),10 Jul 1992,9 Nov 1992,11879,12001,26 Nov 1990,11287,592,29,1,NATO,joint,0,0,0,1,1,1,0,unlimited,0,,2,1,0,1,0,0,0,0,0,0,0,0,0,0,0,0,0,0,0,0
68,Rome Statute of the International Criminal Court,17 Jul 1998,1 Jul 2002,14077,15522,1 Jul 1994,12600,1477,159,0,UN International Law Commission,IGO,0,1,0,0,0,0,0,none,0,,2,4,0,0,1,0,0,0,0,0,0,1,0,0,0,0,0,0,0,0
69,Agreement on Adaptation of the Treaty on Conventional Armed Forces in Europe,19 Nov 1999,0,14567,,8 Oct 1996,13430,1137,30,0,Germany,single state,0,0,1,0,1,1,0,none,0,,2,1,0,1,0,0,0,0,0,0,0,0,0,0,0,0,0,0,0,0
70,Optional Protocol to the Convention on the Rights of the Child on the involvement of childeren in armed conflict,25 May 2000,12 Feb 2002,14755,15383,5 Mar 1993,12117,2638,60,0,Committee on the Rights of the Child (under UN/ established by the CRC),IGO,0,1,0,0,0,0,0,none,0,,2,4,0,0,1,0,0,0,0,0,0,1,0,0,0,0,0,0,0,0
71,Agreement on Privileges and Immunities of the International Criminal Court,9 Sep 2002,22 Jul 2004,15592,16274,9 Aug 2000,14831,761,75,0,Secretariat Preparatory Commission of the ICC,IGO,0,1,0,0,0,0,0,none,0,,1,4,0,0,1,0,0,0,0,0,0,1,0,0,0,0,0,0,0,0
72,Treaty for the Limitation and Reduction of Naval Armaments (London Naval Treaty),22 Apr 1930,31 Dec 1930,-10846,-10593,20 Jun 1927,-11883,1037,5,0,US/ Great Britain/ Japan,multiple (3 single state props),0,0,1,0,1,1,1,6,1,6,2,1,0,1,0,0,0,0,0,0,0,0,0,0,0,0,0,0,0,0
73,Second London Naval Treaty,25 Mar 1936,29 Jul 1937,-8682,-8191,23 Oct 1934,-9201,519,11,0,Japan,single state,0,0,1,0,1,1,0,6,1,6,1,1,0,1,0,0,0,0,0,0,0,0,0,0,0,0,0,0,0,0
75,International Declaration concerning the Laws and Customs of War (Conference of Brussels of 1874),27 Aug 1874,0,-31172,,27 Jul 1874,-31203,31,15,0,Russia,single state,0,0,1,0,1,1,0,none,0,,1,4,0,0,1,0,0,0,0,0,0,0,0,0,0,0,0,0,0,0
90,"International Agreement on Olive Oil,1956",17 Oct 1955,0,-1537,,26 May 1955,-1681,144,9,1,Working Party on Olive Oil of the FAO Committee on Commodity Problems,IGO,0,1,0,0,0,0,0,4,1,4,1,2,1,0,0,0,1,0,1,0,0,0,0,1,0,0,0,0,0,0
98,Inter-American Coffee Agreement,28 Nov 1940,16 Apr 1941,-6973,-6834,5 Oct 1936,-8488,1515,15,0,Brazil,single state,0,0,1,0,1,0,0,3,1,3,2,2,1,0,0,0,1,0,0,0,0,0,0,0,0,0,0,0,0,0
99,Mexico City Agreement (Agreement of Mexico),18 Oct 1957,,-805,,13 Feb 1957,-1052,247,14,1,2 drafts- OAS Special Committeeon Coffee and Colombia,multiple (IGO and single state),0,1,1,0,1,0,1,1,1,1,2,2,1,0,0,0,1,0,1,0,0,0,0,1,0,0,0,0,0,0
100,Latin American Coffee Agreement (The Washington Agreement),27 Sep 1958,1 Oct 1958,-461,-457,13 Feb 1957,-1052,591,22,1,"Colombia, as presented by the OAS Secretariat",single state,0,0,1,0,1,0,0,1,1,1,2,2,1,0,0,0,1,0,0,0,0,0,0,0,0,0,0,0,0,0
101,"International Coffee Agreement, 1959",24 Sep 1959,1 Oct 1959,-99,-92,6 Jul 1959,-179,80,33,1,Latin American coffee producing states (members to the Latin American Coffee Agreement),joint,0,0,0,1,1,0,0,1,1,1,2,2,1,0,0,0,1,0,0,0,0,0,0,0,0,0,0,0,0,0
102,"International Coffee Agreement, 1962",28 Sep 1962,1 Jul 1963,1001,1277,4 Dec 1961,703,298,58,1,Coffee Study Group Coordinating and Drafting Committee,IGO,0,1,0,0,0,0,0,5,1,5,2,2,1,0,0,0,1,0,1,0,0,0,0,1,0,0,0,0,0,0
103,"International Coffee Agreement, 1968",18 Mar 1968,1 Oct 1968,2999,3196,7 Jun 1967,2714,285,66,1,Ecuador; Peru,multiple (both single states),0,0,1,0,1,0,1,5,1,5,2,2,1,0,0,0,1,0,0,0,0,0,0,0,0,0,0,0,0,0
104,"International Coffee Agreement, 1976",3 Dec 1975,1 Oct 1976,5815,6118,31 Jan 1975,5509,306,63,1,ICO working group,IGO,0,1,0,0,0,0,0,6,1,6,2,2,1,0,0,0,1,0,1,0,0,0,0,1,0,0,0,0,0,0
105,"International Coffee Agreement, 1983",25 Sep 1982,1 Oct 1983,8303,8674,22 Feb 1982,8088,215,73,1,"38 ICO producing and consuming members (including Colombia, Indonesia, Ivory Coast, Mexico, EEC and US)",multiple (38 separate proposals consolidated by the ICO),0,0,1,0,1,1,1,6,1,6,2,2,1,0,0,0,1,0,0,0,0,0,0,0,0,0,0,0,0,0
106,"International Coffee Agreement, 1994",30 Mar 1994,1 Oct 1994,12507,12692,25 Jul 1988,10433,2074,74,1,EC,joint (EEC is joint proposal- considered major power),0,0,0,1,1,1,0,5,1,5,0,2,1,0,0,0,1,0,0,0,0,0,0,0,0,0,0,0,0,0
122,"International Sugar Agreement, 1937 (Agreement Concerning the Regulation of Production and Marketing of Sugar)",6 May 1937,1 Sep 1937,-8275,-8157,13 Jun 1933,-9698,1423,22,0,Cuba,single state,0,0,1,0,1,0,0,5,1,5,2,2,1,0,0,0,1,0,0,0,0,0,0,0,0,0,0,0,0,0
123,"International Sugar Agreement, 1953",1 Oct 1953,15 Dec 1953,-2283,-2208,1 Sep 1949,-3774,1491,38,1,Cuba,single state,0,0,1,0,1,0,0,5,1,5,2,2,1,0,0,0,1,0,0,0,0,0,0,0,0,0,0,0,0,0
125,"International Sugar Agreement, 1968",3 Dec 1968,1 Jan 1969,3259,3288,3 Aug 1965,2041,1218,86,1,"UN Sugar Conference \Draft for a New ISA\""""",IGO,0,1,0,0,0,0,0,5,1,5,2,2,1,0,0,0,1,0,1,0,0,0,0,1,0,0,0,0,0,0
126,"International Sugar Agreement, 1973",13 Oct 1973,1 Jan 1974,5034,5114,26 Feb 1973,4805,229,93,1,Jones-Parry (Chair of the 1973 Conference)/Prep Committee,IGO,0,1,0,0,0,0,0,2,1,2,0,2,1,0,0,0,1,0,1,0,0,0,0,1,0,0,0,0,0,0
127,"International Sugar Agreement, 1977",7 Oct 1977,1 Jan 1978,6489,6575,1 Jun 1976,5996,493,91,1,Secretariat of the International Sugar Organization,IGO,0,1,0,0,0,0,0,5,1,5,2,2,1,0,0,0,1,0,1,0,0,0,0,1,0,0,0,0,0,0
128,"International Sugar Agreement, 1984",5 Jul 1984,1 Jan 1985,8952,9132,20 Jan 1983,8420,532,83,1,EEC,joint (EEC is joint proposal- considered major power),0,0,0,1,1,1,0,2,1,2,0,2,1,0,0,0,1,0,0,0,0,0,0,0,0,0,0,0,0,0
129,"International Sugar Agreement, 1987",11 Sep 1987,24 Mar 1988,10115,10310,20 Nov 1985,9455,660,67,1,Brazil,single state,0,0,1,0,1,0,0,3,1,3,0,2,1,0,0,0,1,0,0,0,0,0,0,0,0,0,0,0,0,0
138,International Wheat Agreement of 1933,25 Aug 1933,25 Aug 1933,-9625,-9625,18 May 1931,-10455,830,47,0,"Romania, Hungary, Yugoslavia, Poland and Bulgaria",joint,0,0,0,1,1,0,0,2,1,2,2,2,1,0,0,0,1,0,0,0,0,0,0,0,0,0,0,0,0,0
139,Interim International Wheat Agreement,22 Apr 1942,27 Jun 1942,-6463,-6397,10 Jul 1941,-6749,286,5,0,US,single state,0,0,1,0,1,1,0,until 2 years after the end of the war,1,2,1,2,1,0,0,0,1,0,0,0,0,0,0,0,0,0,0,0,0,0
140,Internataional Wheat Agreement of 1948,6 Mar 1948,0,-4318,,19 Aug 1946,-4883,565,39,1,Prepatory Committee for the International Wheat Conference (revised the 1942 Agreement),IGO,0,1,0,0,0,0,0,5,1,5,2,2,1,0,0,0,1,0,1,0,0,0,0,1,0,0,0,0,0,0
141,International Wheat Agreement of 1949,23 Mar 1949,1 Jul 1949,-3936,-3836,26 Jan 1949,-3992,56,48,1,International Wheat Council (using 1948 International Wheat Agreement),IGO,0,1,0,0,0,0,0,4,1,4,1,2,1,0,0,0,1,0,1,0,0,0,0,1,0,0,0,0,0,0
143,International Wheat Agreement of 1956,25 Apr 1956,1 Aug 1956,-1346,-1248,20 Feb 1956,-1411,65,48,1,draft committee of the UN Wheat Conference,IGO,0,1,0,0,0,0,0,3,1,3,1,2,1,0,0,0,1,0,1,0,0,0,0,1,0,0,0,0,0,0
146,"International Grains Arrangement, 1967: (a) Wheat Trade Convention",15 Oct 1967,18 Jun 1968,2844,3091,17 May 1965,1963,881,52,1,"US, Argentina, Australia and Canada",joint,0,0,0,1,1,1,0,3,1,3,1,2,1,0,0,0,1,0,0,0,0,0,0,0,0,0,0,0,0,0
147,"International Grains Arrangement, 1967: (b) Food Aid Convention",15 Oct 1967,1 Jul 1968,2844,3104,1 Oct 1966,2465,379,17,1,"US, Argentina, Australia and Canada",joint,0,0,0,1,1,1,0,3,1,3,2,2,1,0,0,0,1,0,0,0,0,0,0,0,0,0,0,0,0,0
160,"International Cocoa Agreement, 1972",21 Oct 1972,30 Jun 1973,4677,4929,25 Sep 1963,1363,3314,54,1,FAO (Food and Agricultural Organization) Cocoa Study Group,IGO,0,1,0,0,0,0,0,3,1,3,2,2,1,0,0,0,1,0,1,0,0,0,0,1,0,0,0,0,0,0
162,"International Cocoa Agreement, 1980",19 Nov 1980,1 Aug 1981,7628,7883,12 Jun 1978,6737,891,69,1,US,single state,0,0,1,0,1,1,0,3,1,3,1,2,1,0,0,0,1,0,0,0,0,0,0,0,0,0,0,0,0,0
163,"International Cocoa Agreement, 1986",25 Jul 1986,20 Jan 1987,9702,9881,24 May 1984,8910,792,74,1,EEC,joint (EEC is joint proposal- considered major power),0,0,0,1,1,1,0,3,1,3,1,2,1,0,0,0,1,0,0,0,0,0,0,0,0,0,0,0,0,0
165,"International Cocoa Agreement, 2001",2 Mar 2001,1 Oct 2003,15036,15979,8 Sep 2000,14861,175,38,0,International Cocoa Council,IGO,0,1,0,0,0,0,0,5,1,5,0,2,1,0,0,0,1,0,1,0,0,0,0,1,0,0,0,0,0,0
166,Agreement on the International Tin Control Scheme of 1931,28 Feb 1931,1 Mar 1931,-10534,-10533,1 Nov 1930,-10653,119,5,0,Netherlands East Indies (Netherlands),single state,0,0,1,0,1,0,0,2,1,2,2,2,1,0,0,0,1,0,0,0,0,0,0,0,0,0,0,0,0,0
170,International Tin Agreement (1954),9 Dec 1953,1 Jul 1956,-2214,-1279,25 Oct 1948,-4085,1871,30,1,Belgium,single state,0,0,1,0,1,0,0,5,1,5,2,2,1,0,0,0,1,0,0,0,0,0,0,0,0,0,0,0,0,0
172,Third International Tin Agreement (1965),1 Jun 1965,1 Jul 1966,1978,2373,22 Mar 1965,1907,71,50,1,International Tin Council drafting committee,IGO,0,1,0,0,0,0,0,5,1,5,1,2,1,0,0,0,1,0,1,0,0,0,0,1,0,0,0,0,0,0
177,Agreement establishing the Association of Tin Producing Countries,29 Mar 1983,16 Aug 1983,8488,8628,22 Jun 1982,8208,280,7,1,Malaysia,single state,0,0,1,0,1,0,0,none,0,,0,2,1,0,0,0,1,0,0,0,0,0,0,0,0,0,0,0,0,0
183,International Rubber Regulation Agreement of 1934,7 May 1934,1 Jun 1934,-9370,-9345,1 Oct 1933,-9588,218,8,0,Negotiating Committee of the Rubber Growers' Association,NGO,1,0,0,0,0,0,0,4,1,4,2,2,1,0,0,0,1,0,0,1,0,0,0,0,0,0,0,0,1,0
185,International Natural Rubber Agreement on Price Stabilisation,30 Nov 1976,29 Nov 1977,6178,6542,1 Apr 1975,5569,609,7,1,Malaysia,single state,0,0,1,0,1,0,0,5,1,5,2,2,1,0,0,0,1,0,0,0,0,0,0,0,0,0,0,0,0,0
186,"International Natural Rubber Agreement, 1979",6 Oct 1979,23 Oct 1980,7218,7601,17 Jan 1977,6226,992,55,1,"2- 1) member governments of the ANRPC (Indonesia, Malaysia, Singapore, Sri Lanka and Thailand) and 2)UNCTAD Secretariat",multiple (joint and IGO),0,1,0,1,1,0,1,5,1,5,1,2,1,0,0,0,1,0,1,0,0,0,0,1,0,0,0,0,0,0
187,"International Natural Rubber Agreement, 1987",20 Mar 1987,29 Dec 1988,9940,10590,22 Apr 1985,9243,697,49,1,"member governments of the ANRPC (Malaysia (took lead), Thailand, Sri Lanka, Indonesia, w/Singapore, India, PNG)",joint,0,0,0,1,1,0,0,5,1,5,1,2,1,0,0,0,1,0,0,0,0,0,0,0,0,0,0,0,0,0
188,"International Natural Rubber Agreement, 1994",17 Feb 1995,14 Feb 1997,12831,13559,5 Apr 1994,12513,318,32,0,Malaysia,single state,0,0,1,0,1,0,0,4,1,4,1,2,1,0,0,0,1,0,0,0,0,0,0,0,0,0,0,0,0,0
191,European Timber Exporters Convention,15 Nov 1935,1 Dec 1935,-8813,-8797,1 Jun 1932,-10075,1262,16,0,"Austria, Lithuania, Poland, Rumania, Czechoslovakia, and Yugoslavia",joint,0,0,0,1,1,0,0,1,1,1,2,2,1,0,0,0,1,0,0,0,0,0,0,0,0,0,0,0,0,0
193,"International Tropical Timber Agreement, 1983",18 Nov 1983,1 Apr 1985,8722,9222,1 Jan 1982,8036,686,69,1,Japan,single state,0,0,1,0,1,0,0,5,1,5,0,2,1,0,0,0,1,0,0,0,0,0,0,0,0,0,0,0,0,0
194,"International Tropical Timber Agreement, 1994",26 Jan 1994,1 Jan 1997,12444,13515,11 Nov 1992,12003,441,65,0,Chairman of the Informal Working Group on ITTA Renegotiation,IGO,0,1,0,0,0,0,0,4,1,4,0,2,1,0,0,0,1,0,1,0,0,0,0,1,0,0,0,0,0,0
195,Agreement establishing the Common Fund for Commodities,27 Jun 1980,19 Jun 1989,7483,10762,8 Aug 1974,5333,2150,124,1,UNCTAD Secretariat,IGO,0,1,0,0,0,0,0,none,0,,1,2,1,0,0,0,1,0,1,0,0,0,0,1,0,0,0,0,0,0
196,"International Agreement on jute and jute products, 1982",1 Oct 1982,9 Jan 1984,8309,8774,28 Apr 1980,7423,886,56,1,UNCTAD Secretariat,IGO,0,1,0,0,0,0,0,5,1,5,0,2,1,0,0,0,1,0,1,0,0,0,0,1,0,0,0,0,0,0
197,"International Agreement on Jute and Jute Products, 1989",3 Nov 1989,12 Apr 1991,10899,11424,4 Nov 1987,10169,730,35,1,Bangladesh and India,joint,0,0,0,1,1,0,0,5,1,5,0,2,1,0,0,0,1,0,0,0,0,0,0,0,0,0,0,0,0,0
198,"Agreement establishing the Terms of Reference of the International Jute Study Group, 2001",13 Mar 2001,27 Apr 2002,15047,15457,27 Mar 2000,14696,351,26,0,Secretariat of the International Jute Organization,IGO,0,1,0,0,0,0,0,8,1,8,0,2,1,0,0,0,1,0,1,0,0,0,0,1,0,0,0,0,0,0
206,London Silver Agreement,22 Jul 1933,24 Apr 1934,-9659,-9383,19 Jun 1933,-9692,33,66,0,US,single state,0,0,1,0,1,1,0,4,1,4,0,2,1,0,0,0,1,0,0,0,0,0,0,0,0,0,0,0,0,0
209,Convention on Offenses and Certain Other Acts Committed on Board Aircraft (Tokyo Convention),14 Sep 1963,4 Dec 1969,1352,3625,14 Aug 1958,-505,1857,61,1,US,single state,0,0,1,0,1,1,0,none,0,,1,5,0,0,0,1,0,0,0,0,0,0,0,0,0,0,0,0,0,0
210,Convention for the Suppression of Unlawful Seizure of Aircraft (Hague Convention),16 Dec 1970,14 Oct 1971,4002,4304,9 Feb 1970,3692,310,77,1,Subcommittee on Unlawful Seizures of Aircraft (of the ICAO Legal Comm),IGO,0,1,0,0,0,0,0,none,0,,1,5,0,0,0,1,0,0,0,0,0,0,1,0,0,0,0,0,0,0
211,Convention for the Suppression of Unlawful Acts Against the Safety of Civil Aviation (Montreal Convention),23 Sep 1971,26 Jan 1973,4283,4774,22 Oct 1970,3947,336,61,1,ICAO Legal Committee,IGO,0,1,0,0,0,0,0,none,0,,1,5,0,0,0,1,0,0,0,0,0,0,1,0,0,0,0,0,0,0
212,"Convention on the Prevention and Punishment of Crimes Against Internationally Protected Persons, including Diplomatic Agents",14 Dec 1973,20 Feb 1977,5096,6260,1 Feb 1971,4049,1047,135,1,Denmark (Rome draft prepared by several European states and submitted by Denmark),joint,0,0,0,1,1,0,0,none,0,,1,5,0,0,0,1,0,0,0,0,0,0,0,0,0,0,0,0,0,0
213,Convention on the Physical Protection of Nuclear Material (Nuclear Materials Convention),26 Oct 1979,8 Feb 1987,7238,9900,31 Oct 1977,6513,725,58,1,US,single state,0,0,1,0,1,1,0,none,0,,1,5,0,0,0,1,0,0,0,0,0,0,0,0,0,0,0,0,0,0
214,International Convention Against the Taking of Hostages (Hostages Convention),17 Dec 1979,3 June 1983,7290,8554,28 Sep 1976,6115,1175,152,1,Federal Republic of Germany,single state,0,0,1,0,1,0,0,none,0,,1,5,0,0,0,1,0,0,0,0,0,0,0,0,0,0,0,0,0,0
216,Convention for the Suppression of Unlawful Acts Against the Safety of Maritime Navigation,10 Mar 1988,1 Mar 1992,10296,11748,1 Oct 1986,9770,526,79,1,"Italy, Austria and Egypt",joint,0,0,0,1,1,0,0,none,0,,1,5,0,0,0,1,0,0,0,0,0,0,0,0,0,0,0,0,0,0
217,Protocol for the Suppression of Unlawful Acts Against the Safety of Fixed Platforms Located on the Continental Shelf,10 Mar 1988,1 Mar 1992,10296,11748,6 Mar 1987,9926,370,79,1,"Italy, Austria and Egypt",joint,0,0,0,1,1,0,0,none,0,,1,5,0,0,0,1,0,0,0,0,0,0,0,0,0,0,0,0,0,0
218,Convention on the Marking of Plastic Explosives for the Purpose of Identification,1 Mar 1991,21 Jun 1998,11382,14051,19 Jan 1990,10976,406,79,1,ICAO Sub-Committee for the Preparation of a New Legal Instrument Regarding the Marking of Plastic Explosives for Detectability,IGO,0,1,0,0,0,0,0,none,0,,2,5,0,0,0,1,0,0,0,0,0,0,1,0,0,0,0,0,0,0
220,International Convention for the Suppression of the Financing of Terrorism,9 Dec 1999,10 Apr 2002,14587,15440,3 Nov 1998,14186,401,151,0,France,single state,0,0,1,0,1,1,0,none,0,,1,5,0,0,0,1,0,0,0,0,0,0,0,0,0,0,0,0,0,0
221,OAS Convention to Prevent and Punish the Acts of Terrorism taking the form of Crimes Against Persons and Related Extortion that are of International Significance ,2 Feb 1971,16 Oct 1973,4050,5037,27 Sep 1970,3922,128,23,1,Inter-American Juridical Committee,IGO,0,1,0,0,0,0,0,indefinitely,0,,1,5,0,0,0,1,0,0,0,0,0,0,1,0,0,0,0,0,0,0
222,Convention on the Suppression of Acts of Nuclear Terrorism,13 Apr 2005,7 Jul 2007,16539,17354,28 Jan 1997,13542,2997,191,0,Russian Federation,single state,0,0,1,0,1,1,0,none,0,,1,5,0,0,0,1,0,0,0,0,0,0,0,0,0,0,0,0,0,0
223,Inter-American Convention Against Terrorism,3 Jun 2002,10 Jul 2003,15494,15896,1 Dec 1995,13118,2376,33,0,OAS Secretariat for Legal Affairs Department of Development and Codification of International Law,IGO,0,1,0,0,0,0,0,none,0,,1,5,0,0,0,1,0,0,0,0,0,0,1,0,0,0,0,0,0,0
228,Convention of 1937 for the Prevention and Punishment of Terrorism,16 Nov 1937,0,-8081,,15 Jan 1936,-8752,671,23,0,Council of the Legaue of Nations Committee of Experts,IGO,0,1,0,0,0,0,0,none,0,,1,5,0,0,0,1,0,0,0,0,0,0,1,0,0,0,0,0,0,0
230,Convention on the Prevention of Marine Pollution by Dumping of Wastes and Other Matters (London Dumping Convention),29 Dec 1972,30 Aug 1975,4746,5720,1 April 1972,4474,272,80,1,Inter-governmental Working Group on Marine Pollution,IGO,0,1,0,0,0,0,0,none,0,,1,3,1,0,0,0,0,1,1,0,0,0,0,0,1,0,0,0,0,0
231,United Nations Convention on the Law of the Sea,10 Dec 1982,16 Nov 1994,8379,12738,3 Dec 1973,5085,3294,163,1,Malta,single state,0,0,1,0,1,0,0,none,0,,2,3,1,0,0,0,0,1,0,0,0,0,0,0,0,0,0,0,0,0
235,Convention on the Conservation and Management of Highly Migratory Fish Stocks in the Western and Central Pacific Ocean,5 Sep 2000,19 Jun 2004,14858,16241,22 Jun 1998,14052,806,27,0,Chairman of the Multilateral High-Level Conference (MHLC/WP.1),IGO,0,1,0,0,0,0,0,none,0,,1,3,1,0,0,0,0,1,1,0,0,0,0,0,1,0,0,0,0,0
236,Framework Agreement for the Conservation of the Living Marine Resources of the High Seas of  the South Pacific (Galapagos Agreement),14 Aug 2000,0,14836,,1 Jul 1997,13696,1140,4,0,"Dr. Alfredo Garcia Mesinas, consultant to the Permanent Commission of the South Pacific",IGO,0,1,0,0,0,0,0,none,0,,1,3,1,0,0,0,0,1,1,0,0,0,0,0,1,0,0,0,0,0
237,Convention on the Conservation and Management of Fishery Resources in the South East Atlantic Ocean,20 Apr 2001,30 Apr 2003,15085,15825,1 Dec 1997,13849,1236,13,0,"Angola, Namibia, South Africa and UK",joint,0,0,0,1,1,1,0,none,0,,1,3,1,0,0,0,0,1,0,0,0,0,0,0,0,0,0,0,0,0
238,"Convention for the Protection, Management and Development of the Marine and Coastal Environment of the Eastern African Region (Nairobi Convention)",21 Jun 1985,30 May 1996,9303,13299,6 Dec 1983,8740,563,9,1,UNEP,IGO,0,1,0,0,0,0,0,none,0,,1,3,1,0,0,0,0,1,1,0,0,0,0,0,1,0,0,0,0,0
239,Additional Protocol to the SAARC Convention on the Supression of Terrorism,6 Jan 2004,12 Jan 2006,16076,16813,1 May 2002,15461,615,7,0,Sri Lanka,single state,0,0,1,0,1,0,0,none,0,,1,5,0,0,0,1,0,0,0,0,0,0,0,0,0,0,0,0,0,0
240,Convention for the International Council for the Exploration of the Sea,12 Sep 1964,22 Jul 1968,1716,3125,1 June 1962,882,834,16,1,International Council for the Exploration of the Sea Drafting Committee,IGO,0,1,0,0,0,0,0,none,0,,0,3,1,0,0,0,0,1,1,0,0,0,0,0,1,0,0,0,0,0
241,Kuwait Regional Convention for Co-Operation on the Protection of the Marine environment from Pollution and Protocol,24 Apr 1978,1 July 1979,6688,7121,1 Nov 1976,6149,539,8,1,Kuwait,single state,0,0,1,0,1,0,0,none,0,,1,3,1,0,0,0,0,1,0,0,0,0,0,0,0,0,0,0,0,0
242,Regional Convention for the Conservation of the Red Sea and Gulf of Aden Environment and Protocol (Jeddah Convention),14 Feb 1982,20 Aug 1985,8080,9363,18 Jan 1976,5861,2219,7,1,ALECSO's Jeddah First Expert Meeting to formulate a cooperative regional programme for environmental studies of the Red Sea and the Gulf of Aden,IGO,0,1,0,0,0,0,0,none,0,,1,3,1,0,0,0,0,1,1,0,0,0,0,0,1,0,0,0,0,0
243,"International Convention on Oil Pollution Preparedness, Response and Co-Operation, 1990  (OPRC Convention)",30 Nov 1990,13 May 1995,11291,12916,1 Nov 1989,10897,394,90,1,IMO (International Maritime Organization),IGO,0,1,0,0,0,0,0,none,0,,2,3,1,0,0,0,0,1,1,0,0,0,0,0,1,0,0,0,0,0
244,"Protocol on Preparedness, Response and Co-operation to pollution Incidents by Hazardous and Noxious Substances, 2000 (OPRC-HNS Protocol)",15 Mar 2000,0,14684,,30 Mar 1998,13968,716,79,0,IMO's Marine Environment Protection Committee's OPRC working group,IGO,0,1,0,0,0,0,0,none,0,,2,3,1,0,0,0,0,1,1,0,0,0,0,0,1,0,0,0,0,0
245,International Convention for the Prevention of Pollution of the Sea by Oil (OILPOL),12 May 1954,26 July 1958,-2060,-524,1 Feb 1954,-2160,100,32,1,UK,single state,0,0,1,0,1,1,0,none,0,,1,3,1,0,0,0,0,1,0,0,0,0,0,0,0,0,0,0,0,0
246,International Convention for the Prevention of Pollution from Ships (MARPOL),2 Nov 1973,2 Oct 1983,5054,8675,6 Nov 1970,3962,1092,71,1,US,single state,0,0,1,0,1,1,0,none,0,,1,3,1,0,0,0,0,1,0,0,0,0,0,0,0,0,0,0,0,0
247,"Protocol of 1978 Relating to the International Convention for the Prevention of Pollution from Ships, 1973, as Amended (MARPOL 73/78)",17 Feb 1978,2 Oct 1983,6622,8675,17 Mar 1977,6285,337,62,1,US,single state,0,0,1,0,1,1,0,none,0,,2,3,1,0,0,0,0,1,0,0,0,0,0,0,0,0,0,0,0,0
248,Convention for the Protection of the Mediterranean Sea Against Pollution and Protocols (Barcelona Convention),16 Feb 1976,12 Feb 1978,5890,6617,1 Dec 1973,5083,807,16,1,FAO (legal office),IGO,0,1,0,0,0,0,0,none,0,,2,3,1,0,0,0,0,1,1,0,0,0,0,0,1,0,0,0,0,0
249,Protocol for the Protection of the Mediterranean Sea Against Pollution from Land-Based Sources (LBS Protocol),17 May 1980,17 Jun 1983,7442,8568,7 Feb 1977,6247,1195,16,1,WHO,IGO,0,1,0,0,0,0,0,none,0,,2,3,1,0,0,0,0,1,1,0,0,0,0,0,1,0,0,0,0,0
250,Protocol Concerning Mediterranean Specially Protected Areas (SPA Protocol),3 Apr 1982,23 Jun 1986,8128,9670,13 Oct 1980,7591,537,15,1,FAO (joint project with UNESCO and IUCN),IGO,0,1,0,0,0,0,0,none,0,,0,3,1,0,0,0,0,1,1,0,0,0,0,0,1,0,0,0,0,0
251,Protocol for the Protection of the Mediterranean Sea Against Pollution Resulting from the Exploration and Exploitations of the Continental Shelf and Seabed and its Subsoil (Offshore Protocol),14 Oct 1994,0,12705,,7 Sep 1987,10111,2594,14,1,IJO (legal staff of the secretariat) (Internationall Juridical Org),NGO,1,0,0,0,0,0,0,none,0,,1,3,1,0,0,0,0,1,0,1,0,0,0,0,0,0,0,0,0,1
252,Protocol Concerning Specially Protected Areas and Biological Diversity in the Mediterranean,10 Jun 1995,12 Dec 1999,12944,14590,8 Apr 1994,12516,428,19,0,SPA/RAC ad hoc group of legal and scientific experts (UNEP/MAP Regional Activity,IGO,0,1,0,0,0,0,0,none,0,,1,3,1,0,0,0,0,1,1,0,0,0,0,0,1,0,0,0,0,0
253,Protocol on the Prevention of Pollution of the Mediterranean Sea by the Transboundary Movements of Hazardous Wastes and Their Disposal (Hazardous Waste Protocol),1 Oct 1996,28 Dec 2007,13423,17528,31 Jul 1991,11534,1889,17,1,Greenpeace International,NGO,1,0,0,0,0,0,0,none,0,,1,3,1,0,0,0,0,1,0,1,0,0,0,0,0,0,0,0,0,1
254,"Protocol Concerning Cooperation in Preventing Pollution from Ships And, in Cases of Emergency, Combating Pollution of the Mediterranean Sea",25 Jan 2002,17 Mar 2004,15365,16147,23 Nov 1998,14206,1159,18,0,"REMPEC (a UN Regional Centre established within the MedPlan, has been administered by IMO and forms part of the UNEP Regional Seas Programme) ",IGO,0,1,0,0,0,0,0,none,0,,1,3,1,0,0,0,0,1,1,0,0,0,0,0,1,0,0,0,0,0
255,Convention on the Conservation of Antarctic Marine Living Resources,20 May 1980,7 Apr 1982,7445,8132,27 Feb 1978,6632,813,15,1,Argentina; South Africa; Poland; Japan; Australia; Chile; France; USSR; (8 separate proposals tabled),multiple (all single states),0,0,1,0,1,1,1,none,0,,1,3,1,0,0,0,0,1,0,0,0,0,0,0,0,0,0,0,0,0
256,"International Convention for the Prevention of Pollution of the Sea by Oil, 1954, as amended in 1962",11 Apr 1962,18 May 1967,831,2694,26 Mar 1962,815,16,56,1,UK; US; Canada,multiple (all single state props),0,0,1,0,1,1,1,none,0,,2,3,1,0,0,0,0,1,0,0,0,0,0,0,0,0,0,0,0,0
267,International Convention Relating to Intervention on the High Seas in Cases of Oil Pollution Casualties (1969 Brussels Public Law Convention- INTERVENTION 1969)),29 Nov 1969,6 May 1975,3620,5604,26 Nov 1968,3252,368,48,1,IMCO Legal Committee (Intergovernmental Maritime Consultative Org),IGO,0,1,0,0,0,0,0,none,0,,1,3,1,0,0,0,0,1,1,0,0,0,0,0,1,0,0,0,0,0
268,International Convention on Civil Liability for Oil Pollution Damage (1969 Private Law Convention)/ (Civil Liability Convention-CLC)  ,29 Nov 1969,19 Jun 1975,3620,5648,26 Nov 1968,3252,368,48,1,IMCO Legal Committee (Intergovernmental Maritime Consultative Org),IGO,0,1,0,0,0,0,0,none,0,,2,3,1,0,0,0,0,1,1,0,0,0,0,0,1,0,0,0,0,0
269,International Convention on the Establishment of an International Fund for Compensation for Oil Pollution Damage,18 Dec 1971,16 Oct 1978,4369,6863,10 Nov 1969,3601,768,49,1,Belgium,single state,0,0,1,0,1,0,0,none,0,,1,3,1,0,0,0,0,1,0,0,0,0,0,0,0,0,0,0,0,0
270,Protocol to the International Convention Relating to Intervention on the High Seas in Cases of Pollution by Substances Other Than Oil (INTERVENTION Protocol 1973),2 Nov 1973,30 Mar 1983,5054,8489,22 Dec 1972,4739,315,71,1,IMCO Legal Committee,IGO,0,1,0,0,0,0,0,none,0,,1,3,1,0,0,0,0,1,1,0,0,0,0,0,1,0,0,0,0,0
271,"Protocol of 1997 to Amend the International Convention for the Prevention of Pollution from Ships, 1973, as Modified by the Protocol of 1978 Relating Thereto",26 Sep 1997,19 May 2005,13783,16575,31 Oct 1994,12722,1061,59,0,IMO's Sub-committee on Bulk Chemicals,IGO,0,1,0,0,0,0,0,none,0,,2,3,1,0,0,0,0,1,1,0,0,0,0,0,1,0,0,0,0,0
272,International Convention on the Control of Harmful Anti-Fouling Systems on Ships (AFS Convention),5 Nov 2001,17 Sep 2008,15284,17792,2 Nov 1998,14185,1099,75,0,US,single state,0,0,1,0,1,1,0,none,0,,2,3,1,0,0,0,0,1,0,0,0,0,0,0,0,0,0,0,0,0
273,Convention on the Protection of the Marine Environment of the Baltic Sea Area (Helsinki Convention),22 Mar 1974,3 May 1980,5194,7428,1 May 1973,4869,325,7,1,"Finland, Denmark and Sweden (working group of govt experts initiated by Finland)",joint,0,0,0,1,1,0,0,none,0,,1,3,1,0,0,0,0,1,0,0,0,0,0,0,0,0,0,0,0,0
274,Convention on the Protection of the Marine Environment of the Baltic Sea Area with Annexes,9 Apr 1992,17 Jan 2000,11787,14626,16 Oct 1990,11246,541,10,1,HELCOM ad hoc Group for the Revision of the Convention,IGO,0,1,0,0,0,0,0,none,0,,2,3,1,0,0,0,0,1,1,0,0,0,0,0,1,0,0,0,0,0
275,Convention on Fishing & Conservation of Living Resources of the High Seas,29 Apr 1958,20 Mar 1966,-612,2270,28 Nov 1951,-2956,2344,86,1,UN International Law Commission,IGO,0,1,0,0,0,0,0,none,0,,0,3,1,0,0,0,0,1,1,0,0,0,0,0,1,0,0,0,0,0
276,Convention on the Continental Shelf,29 Apr 1958,10 Jun 1964,-612,1622,28 Nov 1951,-2956,2344,86,1,UN International Law Commission,IGO,0,1,0,0,0,0,0,none,0,,1,3,1,0,0,0,0,1,1,0,0,0,0,0,1,0,0,0,0,0
277,Convention on the High Seas,29 Apr 1958,30 Sep 1962,-612,1003,8 Jul 1955,-1638,1026,86,1,UN International Law Commission,IGO,0,1,0,0,0,0,0,none,0,,1,3,1,0,0,0,0,1,1,0,0,0,0,0,1,0,0,0,0,0
278,Convention on the Territorial Sea & the Contiguous Zone,29 Apr 1958,10 Sep 1964,-612,1714,31 Aug 1954,-1949,1337,86,1,UN International Law Commission,IGO,0,1,0,0,0,0,0,none,0,,0,3,1,0,0,0,0,1,1,0,0,0,0,0,1,0,0,0,0,0
279,"Convention between the United States, Great Britain, Russia and Japan for the Preservation and Protection of Fur Seals",7 Jul 1911,15 Dec 1911,-17710,-17549,7 May 1894,-23979,6269,4,0,US,single state,0,0,1,0,1,1,0,none,0,,1,3,1,0,0,0,0,1,0,0,0,0,0,0,0,0,0,0,0,0